{"cameraMode":{"drawMode":0,"name":"Shaded","section":"Shading Mode"},"sceneLighting":true,"audioPlay":false,"sceneViewState":{"m_AlwaysRefresh":false,"showFog":true,"showSkybox":true,"showFlares":true,"showImageEffects":true,"showParticleSystems":true,"showVisualEffectGraphs":true,"m_FxEnabled":true},"in2DMode":false,"pivot":{"x":54.848968505859378,"y":12.209375381469727,"z":-47.732208251953128},"rotation":{"x":0.0002974782546516508,"y":-0.99958735704422,"z":-0.02659744769334793,"w":-0.011199611239135266},"size":37.62434005737305,"orthographic":false}