{"cameraMode":{"drawMode":0,"name":"Shaded","section":"Shading Mode"},"sceneLighting":true,"audioPlay":false,"sceneViewState":{"m_AlwaysRefresh":false,"showFog":true,"showSkybox":true,"showFlares":true,"showImageEffects":true,"showParticleSystems":true,"showVisualEffectGraphs":true,"m_FxEnabled":true},"in2DMode":false,"pivot":{"x":57.354515075683597,"y":-23.58914566040039,"z":-46.77006912231445},"rotation":{"x":0.002641394268721342,"y":0.9750186800956726,"z":-0.222026526927948,"w":0.012013083323836327},"size":37.703765869140628,"orthographic":false}